{
  "metadata": {
    "training_date": "2025-10-11T07:44:52.390709",
    "random_seed": 42,
    "feature_names": [
      "day_in_cycle_norm",
      "user_avg_cycle_norm",
      "user_cycle_std_norm",
      "period_length_norm",
      "day_in_cycle_sin",
      "day_in_cycle_cos",
      "symptom_cramp",
      "symptom_headache",
      "symptom_backPain",
      "symptom_jointPain",
      "symptom_bloating",
      "symptom_nausea",
      "symptom_constipation",
      "symptom_diarrhea",
      "symptom_acne",
      "symptom_breastTenderness",
      "symptom_discharge",
      "symptom_lowEnergy",
      "symptom_sleepy",
      "symptom_insomnia",
      "symptom_appetite",
      "symptom_cravings",
      "symptom_anxious",
      "symptom_irritable",
      "symptom_focusIssues",
      "mood_ecstatic",
      "mood_happy",
      "mood_calm",
      "mood_neutral",
      "mood_tired",
      "mood_sad",
      "mood_anxious",
      "mood_irritable",
      "mood_angry",
      "energy_level",
      "has_flow",
      "flow_intensity",
      "last_3_cycles_mean_norm",
      "last_cycle_length_norm",
      "last_period_length_norm",
      "last_luteal_length_norm",
      "habit_water",
      "habit_walk",
      "habit_rest",
      "habit_shower"
    ],
    "feature_count": 45,
    "model_info": {
      "algorithm": "RandomForest",
      "n_estimators": 50,
      "max_depth": 12,
      "max_samples": 200000,
      "random_state": 42
    },
    "data_generation": {
      "num_users": 10000,
      "cycles_per_user": 6,
      "total_samples": 1679754
    },
    "classes": {
      "phase_classes": [],
      "mood_classes": []
    }
  },
  "results": {
    "period_prediction": {
      "mse": 14.117226236220338,
      "rmse": 3.7572897461095995,
      "mae": 2.9946325140973338,
      "within_2d_accuracy": 0.40934716864313947,
      "naive_mae": 4.120230262510367,
      "naive_within_2d": 0.2686574272515121,
      "feature_importance": [
        0.8217005005803569,
        0.0005454529398293026,
        0.0012664823817178153,
        0.0002631828197373264,
        0.004090046373755299,
        0.005594073558804363,
        0.00029700522702630377,
        0.0003151011719597284,
        0.00029844686740765596,
        0.00029952728369616384,
        0.00030875802991341676,
        0.0003100738007103489,
        0.00031598605797323985,
        0.00030680764865994946,
        0.00030283771511340325,
        0.0003041404170080903,
        0.0002933654064136571,
        0.0003094062858547315,
        0.0003023969069985559,
        0.00030849676600576165,
        0.0002946500007438459,
        0.0002916594734957291,
        0.0002902888580754802,
        0.0002979615159867373,
        0.00029759134049614787,
        4.543606393865713e-05,
        4.7469572762766824e-05,
        4.399589277252381e-05,
        4.5184015238818447e-05,
        5.053056881489211e-05,
        5.1090702368300104e-05,
        4.148273494309048e-05,
        4.968916350963181e-05,
        4.553447144093463e-05,
        0.15003628000614072,
        1.5162418889225112e-05,
        0.005861473210018586,
        0.0013544095723833779,
        0.0010171300721467998,
        0.0008837647011892498,
        0.0009924498193280317,
        5.36626549950224e-05,
        5.3965794537153256e-05,
        5.5944512634827855e-05,
        5.110462420739676e-05
      ]
    },
    "ovulation_prediction": {
      "mse": 14.117399213427566,
      "rmse": 3.757312764919573,
      "mae": 2.9946537390409222,
      "within_2d_accuracy": 0.40937098156879553,
      "feature_importance": [
        0.8217008887254712,
        0.0005394006857379797,
        0.001267885932048706,
        0.00026141941827089187,
        0.004066462889327563,
        0.005621562908006162,
        0.0002979058527646222,
        0.00031685782099343196,
        0.0002982965005865438,
        0.0002981023013383938,
        0.0003095747348502141,
        0.00031093314090888043,
        0.00031566561520100875,
        0.0003074428206271425,
        0.00030223771597692126,
        0.0003037459449459324,
        0.0002938510085567296,
        0.00030834359954375295,
        0.00030284890270534584,
        0.00030849241987609586,
        0.00029444839937256935,
        0.00029122036270528884,
        0.0002904176732609606,
        0.0002980952671267406,
        0.00029831638214827545,
        4.584248240969184e-05,
        4.609839569298588e-05,
        4.407080614803758e-05,
        4.487767369832123e-05,
        5.0641941984735994e-05,
        5.082666678474307e-05,
        4.1142704799914814e-05,
        4.933224700979789e-05,
        4.5012514743559316e-05,
        0.15003483107620674,
        1.5553662046074123e-05,
        0.005863554831476301,
        0.001355709442794971,
        0.0010201339361032894,
        0.0008829698996615296,
        0.000989819140734349,
        5.328793733141858e-05,
        5.434689873674245e-05,
        5.654992254941125e-05,
        5.0980796735923204e-05
      ]
    },
    "phase_classification": {
      "accuracy": 0.9325439348478354,
      "balanced_accuracy": 0.8633261522802755,
      "classification_report": "              precision    recall  f1-score   support\n\n           0       0.86      0.94      0.90    108477\n           1       0.97      0.96      0.96    143984\n           2       1.00      1.00      1.00     59832\n           3       0.90      0.55      0.69     23659\n\n    accuracy                           0.93    335952\n   macro avg       0.93      0.86      0.89    335952\nweighted avg       0.93      0.93      0.93    335952\n",
      "feature_importance": [
        0.24984045491535528,
        0.001375510328279363,
        0.0006866048606177864,
        0.005833760314698025,
        0.08577453868874366,
        0.08318403960976048,
        0.00022461246515672483,
        0.00022722967371083844,
        0.0002265734723726694,
        0.0002081158723515861,
        0.00020680507137116422,
        0.000233365835961151,
        0.00023114497483254896,
        0.00021517888172723303,
        0.00021516719236682383,
        0.00022227044790856278,
        0.0002172094218424273,
        0.00021498639399170752,
        0.00022332546540583612,
        0.00020702301535465383,
        0.00020717906648731957,
        0.0002090004534505145,
        0.0002208289209361357,
        0.00020341546161968129,
        0.00021951197225493876,
        3.7732908743850234e-05,
        4.057688987787691e-05,
        4.09353621209469e-05,
        4.2864211831253075e-05,
        4.07864441334938e-05,
        4.267683574264358e-05,
        4.047241585980964e-05,
        4.731740896230342e-05,
        3.8242448233779944e-05,
        0.3100802927202828,
        0.12383224765200047,
        0.13170838375763036,
        0.0010395674408077865,
        0.0007300663325985979,
        0.0005319636990351184,
        0.0006819168775682628,
        5.226359220011351e-05,
        5.0874115647670315e-05,
        4.415233761556568e-05,
        4.8813772550148496e-05
      ]
    },
    "mood_classification": {
      "accuracy": 0.24159701385912274,
      "f1_macro": 0.2376602730875855,
      "classification_report": "              precision    recall  f1-score   support\n\n           0       0.19      0.47      0.27     28481\n           1       0.25      0.30      0.27     34770\n           2       0.25      0.39      0.31     35198\n           3       0.26      0.29      0.27     35026\n           4       0.20      0.47      0.28     28938\n           5       0.17      0.00      0.00     75936\n           6       0.33      0.19      0.24     48611\n           7       0.33      0.22      0.26     48992\n\n    accuracy                           0.24    335952\n   macro avg       0.25      0.29      0.24    335952\nweighted avg       0.25      0.24      0.21    335952\n",